<?xml version="1.0" encoding="UTF-8"?>
<beans:beans xmlns:beans="http://www.springframework.org/schema/beans"
             xmlns:xsi="http://www.w3.org/2001/XMLSchema-instance"
             xmlns:p="http://www.springframework.org/schema/p"
             xmlns:services="http://www.alibaba.com/schema/services"
             xmlns:uris="http://www.alibaba.com/schema/services/uris"
             xmlns:uri-interceptors="http://www.alibaba.com/schema/services/uris/interceptors"
             xsi:schemaLocation="
                 http://www.alibaba.com/schema/services http://localhost:8080/schema/services.xsd
                 http://www.alibaba.com/schema/services/uris http://localhost:8080/schema/services-uris.xsd
                 http://www.alibaba.com/schema/services/uris/interceptors http://localhost:8080/schema/services-uris-interceptors.xsd
                 http://www.springframework.org/schema/beans http://localhost:8080/schema/www.springframework.org/schema/beans/spring-beans.xsd
             ">

    <services:uris>
        <uris:uri id="server" requestAware="true" />

        <uris:turbine-uri id="app1Link" exposed="true" extends="server">
            <componentPath>/</componentPath>
        </uris:turbine-uri>

        <uris:turbine-content-uri id="app1Content" exposed="true" extends="app1Link" />

    </services:uris>

</beans:beans>