<?xml version="1.0" encoding="UTF-8"?>
<!-- Logback Configuration.  -->
<configuration debug="false">
    <appender name="STDOUT" class="ch.qos.logback.core.ConsoleAppender">
        <target>System.out</target>
        <encoding>${loggingCharset}</encoding>
        <filter class="com.alibaba.citrus.logconfig.logback.LevelRangeFilter">
            <levelMax>INFO</levelMax>
        </filter>
        <layout class="ch.qos.logback.classic.PatternLayout">
            <pattern><![CDATA[
%n%-4r [%d{yyyy-MM-dd HH:mm:ss} %X{productionMode}] - %X{method} %X{requestURIWithQueryString} [ip=%X{remoteAddr}, ref=%X{referrer}, ua=%X{userAgent}, sid=%X{cookie.JSESSIONID}]%n  %-5level %logger{35} - %m%n
            ]]></pattern>
        </layout>
    </appender>

    <appender name="STDERR" class="ch.qos.logback.core.ConsoleAppender">
        <target>System.err</target>
        <encoding>${loggingCharset}</encoding>
        <filter class="com.alibaba.citrus.logconfig.logback.LevelRangeFilter">
            <levelMin>WARN</levelMin>
        </filter>
        <layout class="ch.qos.logback.classic.PatternLayout">
            <pattern><![CDATA[
%n%-4r [%d{yyyy-MM-dd HH:mm:ss} %X{productionMode}] - %X{method} %X{requestURIWithQueryString} [ip=%X{remoteAddr}, ref=%X{referrer}, ua=%X{userAgent}, sid=%X{cookie.JSESSIONID}]%n  %-5level %logger{35} - %m%n
            ]]></pattern>
        </layout>
    </appender>

    <logger name="org.apache">
        <level value="INFO" />
    </logger>

    <logger name="org.springframework">
        <level value="INFO" />
    </logger>

    <logger name="com.alibaba.citrus.springext.support.context">
        <level value="INFO" />
    </logger>

    <root>
        <level value="${loggingLevel}" />
        <appender-ref ref="STDERR" />
        <appender-ref ref="STDOUT" />
    </root>
</configuration>
