<?xml version="1.0" encoding="UTF-8"?>
<!-- Webx Root Context Configuration.  -->
<beans:beans xmlns:beans="http://www.springframework.org/schema/beans"
             xmlns:xsi="http://www.w3.org/2001/XMLSchema-instance"
             xmlns:p="http://www.springframework.org/schema/p"
             xmlns:services="http://www.alibaba.com/schema/services"
             xmlns:ml-adapters="http://www.alibaba.com/schema/services/module-loader/adapters"
             xmlns:ml-factories="http://www.alibaba.com/schema/services/module-loader/factories"
             xmlns:pull-factories="http://www.alibaba.com/schema/services/pull/factories"
             xmlns:request-contexts="http://www.alibaba.com/schema/services/request-contexts"
             xmlns:session-encoders="http://www.alibaba.com/schema/services/request-contexts/session/encoders"
             xmlns:session-idgens="http://www.alibaba.com/schema/services/request-contexts/session/idgens"
             xmlns:model-encoders="http://www.alibaba.com/schema/services/request-contexts/session/model-encoders"
             xmlns:session-stores="http://www.alibaba.com/schema/services/request-contexts/session/stores"
             xsi:schemaLocation="
                 http://www.alibaba.com/schema/services http://localhost:8080/schema/services.xsd
                 http://www.alibaba.com/schema/services/module-loader/adapters http://localhost:8080/schema/services-module-loader-adapters.xsd
                 http://www.alibaba.com/schema/services/module-loader/factories http://localhost:8080/schema/services-module-loader-factories.xsd
                 http://www.alibaba.com/schema/services/pull/factories http://localhost:8080/schema/services-pull-factories.xsd
                 http://www.alibaba.com/schema/services/request-contexts http://localhost:8080/schema/services-request-contexts.xsd
                 http://www.alibaba.com/schema/services/request-contexts/session/encoders http://localhost:8080/schema/services-request-contexts-session-encoders.xsd
                 http://www.alibaba.com/schema/services/request-contexts/session/idgens http://localhost:8080/schema/services-request-contexts-session-idgens.xsd
                 http://www.alibaba.com/schema/services/request-contexts/session/model-encoders http://localhost:8080/schema/services-request-contexts-session-model-encoders.xsd
                 http://www.alibaba.com/schema/services/request-contexts/session/stores http://localhost:8080/schema/services-request-contexts-session-stores.xsd
                 http://www.springframework.org/schema/beans http://localhost:8080/schema/www.springframework.org/schema/beans/spring-beans.xsd
             ">

    <!-- 支持${xxx}替换。 -->
    <services:property-placeholder>
        <property key="component">common</property>
    </services:property-placeholder>

    <!-- 共享配置。 -->
    <beans:import resource="common/webx-component-and-root.xml" />

    <!-- 异常管道。 -->
    <beans:import resource="common/pipeline-exception.xml" />

    <!-- 资源装载。 -->
    <beans:import resource="common/resources.xml" />

    <!-- URI生成。 -->
    <beans:import resource="common/uris.xml" />

    <!-- 综合设置。 -->
    <services:webx-configuration>
        <!-- 默认将productionMode设为true，建议在jetty插件中设置-DproductionMode=false。 -->
        <productionMode>${productionMode:true}</productionMode>
        <components defaultComponent="app1" />
    </services:webx-configuration>

    <!-- 设置request/response/session。 -->
    <services:request-contexts>
        <request-contexts:basic />
        <request-contexts:buffered />
        <request-contexts:lazy-commit />
        <request-contexts:parser />
        <request-contexts:set-locale defaultLocale="zh_CN" defaultCharset="UTF-8" />
        <request-contexts:session>
            <id>
                <cookie path="/" maxAge="0" httpOnly="true" />
            </id>
            <stores>
                <session-stores:cookie-store id="temporaryCookie">
                    <cookie name="tmp" />
                </session-stores:cookie-store>
            </stores>
            <store-mappings>
                <match name="*" store="temporaryCookie" />
            </store-mappings>
        </request-contexts:session>
    </services:request-contexts>

    <!-- 支持上传文件。 -->
    <services:upload sizeMax="5M" />

    <!-- 将beans暴露给模板。这里定义的tools可被所有components之间共享。 -->
    <services:pull>
        <pull-factories:utils />
        <pull-factories:page-tool />
        <pull-factories:control-tool />
        <pull-factories:uris-tool />
    </services:pull>

    <!-- 装载模块。 -->
    <services:module-loader>
        <ml-factories:class-modules>
            <search-packages type="$1" packages="Sample.Database.common.module.*" />
        </ml-factories:class-modules>
    </services:module-loader>

</beans:beans>