<?xml version="1.0" encoding="UTF-8"?>
<beans:beans xmlns:beans="http://www.springframework.org/schema/beans"
             xmlns:xsi="http://www.w3.org/2001/XMLSchema-instance"
             xmlns:p="http://www.springframework.org/schema/p"
             xmlns:services="http://www.alibaba.com/schema/services"
             xmlns:fm-conditions="http://www.alibaba.com/schema/services/form/conditions"
             xmlns:fm-validators="http://www.alibaba.com/schema/services/form/validators"
             xsi:schemaLocation="
                 http://www.alibaba.com/schema/services http://localhost:8080/schema/services.xsd
                 http://www.alibaba.com/schema/services/form/conditions http://localhost:8080/schema/services-form-conditions.xsd
                 http://www.alibaba.com/schema/services/form/validators http://localhost:8080/schema/services-form-validators.xsd
                 http://www.springframework.org/schema/beans http://localhost:8080/schema/www.springframework.org/schema/beans/spring-beans.xsd
             ">

    <services:form postOnlyByDefault="true">
        <!--
          - ===============================================
          - 用来检查csrf token。
          - ===============================================
         -->
        <group name="csrfCheck">
            <field name="csrfToken">
                <fm-validators:csrf-validator>
                    <message>提交的数据已过期</message>
                </fm-validators:csrf-validator>
            </field>
        </group>
        <!--
          - ===============================================
          - Simple form
          - ===============================================
         -->
        <group name="register" extends="csrfCheck">
            <field name="name" displayName="你的名字">
                <fm-validators:required-validator>
                    <message>必须填写 ${displayName}</message>
                </fm-validators:required-validator>
            </field>
        </group>
    </services:form>

</beans:beans>